{"grad_2.0_norm_lstm.weight_ih_l0": 0.0016, "grad_2.0_norm_lstm.weight_hh_l0": 0.02, "grad_2.0_norm_lstm.bias_ih_l0": 0.0219, "grad_2.0_norm_lstm.bias_hh_l0": 0.0219, "grad_2.0_norm_classifier.2.weight": 0.0576, "grad_2.0_norm_classifier.2.bias": 0.0344, "grad_2.0_norm_total": 0.0765, "epoch": 3, "_runtime": 91, "_timestamp": 1615402703, "_step": 185, "val_acc": 0.0, "val_loss": 1.1133743524551392, "train_loss": 0.6391273140907288, "train_acc": 0.6666666865348816}