{"grad_2.0_norm_lstm.weight_ih_l0": 0.0117, "grad_2.0_norm_lstm.weight_hh_l0": 0.0193, "grad_2.0_norm_lstm.bias_ih_l0": 0.0493, "grad_2.0_norm_lstm.bias_hh_l0": 0.0493, "grad_2.0_norm_classifier.2.weight": 0.0629, "grad_2.0_norm_classifier.2.bias": 0.1991, "grad_2.0_norm_total": 0.2213, "epoch": 0, "_runtime": 15, "_timestamp": 1615408090, "_step": 47, "val_acc": 0.47200003266334534, "val_loss": 0.6934780478477478, "train_loss": 0.6932893991470337, "train_acc": 0.48533332347869873, "roc": {"_type": "table-file", "path": "media/table/roc_23_5b3acd14.table.json", "sha256": "5b3acd14786d837cea34d2f3af2cb540698fcec21a3ccafa8102337a3671aa83", "size": 3208, "ncols": 3, "nrows": 115}, "confusion_matrix": {"_type": "table-file", "path": "media/table/confusion_matrix_24_62c56d7f.table.json", "sha256": "62c56d7fbe0c70ac4eb581446d25d8d5f77a10f569202abef07eb17d0d592d93", "size": 173, "ncols": 3, "nrows": 4}, "cm": null, "precision": 0.504, "recall": 1.0, "fscore": 0.6702127659574468}