{"val_acc": 1.0, "val_loss": 0.6824257373809814, "epoch": 0, "train_loss": 0.6855552196502686, "train_acc": 0.9375, "roc": {"_type": "table-file", "path": "media/table/roc_0_6229a4c6.table.json", "sha256": "6229a4c6d3ab6e8bac497ec99e23dfec73c29e5312a6e44f322e1613dca3d74e", "size": 120, "ncols": 3, "nrows": 3}, "_runtime": 5, "_timestamp": 1615403535, "_step": 2, "confusion_matrix": {"_type": "table-file", "path": "media/table/confusion_matrix_1_a60b195a.table.json", "sha256": "a60b195a0e67268f460d648fc4a5e0f511c93dbf7b3c457b6589d2d50e16549f", "size": 85, "ncols": 3, "nrows": 1}, "cm": null}