{"val_acc": 0.609375, "val_loss": 0.6907758116722107, "epoch": 11, "train_loss": 0.689924418926239, "train_acc": 0.609375, "_runtime": 16, "_timestamp": 1615409061, "_step": 23, "grad_2.0_norm_lstm.weight_ih_l0": 0.0012, "grad_2.0_norm_lstm.weight_hh_l0": 0.0165, "grad_2.0_norm_lstm.bias_ih_l0": 0.0356, "grad_2.0_norm_lstm.bias_hh_l0": 0.0356, "grad_2.0_norm_classifier.2.weight": 0.0494, "grad_2.0_norm_classifier.2.bias": 0.1463, "grad_2.0_norm_total": 0.1633, "roc": {"_type": "table-file", "path": "media/table/roc_11_65945a70.table.json", "sha256": "65945a70c2142004a59beffa449b42b61d7c7a0fb4d4bc425e03010ae0be7360", "size": 1906, "ncols": 3, "nrows": 70}, "confusion_matrix": {"_type": "table-file", "path": "media/table/confusion_matrix_12_afa15c8d.table.json", "sha256": "afa15c8de6c724c0e161924e8afb2b58687bcb8accfafb06960623baaf5693a2", "size": 173, "ncols": 3, "nrows": 4}, "cm": null, "precision": 0.0, "recall": 0.0, "fscore": 0.0}