{"val_acc": 0.609375, "val_loss": 0.6625186204910278, "epoch": 336, "train_loss": 0.6645493507385254, "train_acc": 0.609375, "_runtime": 312, "_timestamp": 1615409552, "_step": 336, "grad_2.0_norm_lstm.weight_ih_l0": 0.0002, "grad_2.0_norm_lstm.weight_hh_l0": 0.0056, "grad_2.0_norm_lstm.bias_ih_l0": 0.0033, "grad_2.0_norm_lstm.bias_hh_l0": 0.0033, "grad_2.0_norm_classifier.2.weight": 0.0552, "grad_2.0_norm_classifier.2.bias": 0.0053, "grad_2.0_norm_total": 0.0559}