{"grad_2.0_norm_classifier.2.weight": 0.0775, "grad_2.0_norm_classifier.2.bias": 0.2567, "grad_2.0_norm_total": 0.2681, "epoch": 0, "_runtime": 9, "_timestamp": 1615403731, "_step": 47, "val_acc": 0.0, "val_loss": 0.7619156837463379, "train_loss": 0.6827439665794373, "train_acc": 0.6586666703224182, "roc": {"_type": "table-file", "path": "media/table/roc_23_dbc0b362.table.json", "sha256": "dbc0b3626cb6fd07fc07e8a3f8f01c84fa668f74442f373910fd5fdb72c89028", "size": 120, "ncols": 3, "nrows": 3}, "confusion_matrix": {"_type": "table-file", "path": "media/table/confusion_matrix_24_df3bca4f.table.json", "sha256": "df3bca4f7834bc41e1b27cd8a23eb8781f6827b4342c6eaba9e2f2729aab343c", "size": 173, "ncols": 3, "nrows": 4}, "cm": null, "precision": 0.0, "recall": 0.0, "fscore": 0.0}