{"val_acc": 0.609375, "val_loss": 0.6690379977226257, "epoch": 35, "train_loss": 0.6715718507766724, "train_acc": 0.609375, "_runtime": 39, "_timestamp": 1615409620, "_step": 71, "grad_2.0_norm_lstm.weight_ih_l0": 0.0004, "grad_2.0_norm_lstm.weight_hh_l0": 0.0117, "grad_2.0_norm_lstm.bias_ih_l0": 0.0121, "grad_2.0_norm_lstm.bias_hh_l0": 0.0121, "grad_2.0_norm_classifier.2.weight": 0.037, "grad_2.0_norm_classifier.2.bias": 0.0081, "grad_2.0_norm_total": 0.0432, "roc": {"_type": "table-file", "path": "media/table/roc_35_c3700b3f.table.json", "sha256": "c3700b3f18597baf01e2fa64aa6e47bfd8da6b0106898548487e8e72385795a6", "size": 1983, "ncols": 3, "nrows": 73}, "confusion_matrix": {"_type": "table-file", "path": "media/table/confusion_matrix_36_afa15c8d.table.json", "sha256": "afa15c8de6c724c0e161924e8afb2b58687bcb8accfafb06960623baaf5693a2", "size": 173, "ncols": 3, "nrows": 4}, "cm": null, "precision": 0.0, "recall": 0.0, "fscore": 0.0}