{"grad_2.0_norm_lstm.weight_ih_l0": 0.0034, "grad_2.0_norm_lstm.weight_hh_l0": 0.0104, "grad_2.0_norm_lstm.bias_ih_l0": 0.0224, "grad_2.0_norm_lstm.bias_hh_l0": 0.0224, "grad_2.0_norm_classifier.2.weight": 0.0386, "grad_2.0_norm_classifier.2.bias": 0.1149, "grad_2.0_norm_total": 0.1258, "epoch": 0, "_runtime": 14, "_timestamp": 1615408992, "_step": 23, "val_acc": 0.527999997138977, "val_loss": 0.6926273703575134, "train_loss": 0.6933475732803345, "train_acc": 0.4959999918937683, "roc": {"_type": "table-file", "path": "media/table/roc_11_4d7df50a.table.json", "sha256": "4d7df50ad89a27416fbd6d4bf05dc7aa7aae29116299d446ad099e5c0d5eb779", "size": 3446, "ncols": 3, "nrows": 123}, "confusion_matrix": {"_type": "table-file", "path": "media/table/confusion_matrix_12_a4b1258e.table.json", "sha256": "a4b1258eff292c9b1fdfdb5ec2dc4bc3f367c3d183a04ff897bed4dadee9643c", "size": 173, "ncols": 3, "nrows": 4}, "cm": null, "precision": 0.0, "recall": 0.0, "fscore": 0.0}