{"grad_2.0_norm_lstm.weight_ih_l0": 0.0049, "grad_2.0_norm_lstm.weight_hh_l0": 0.0101, "grad_2.0_norm_lstm.bias_ih_l0": 0.0218, "grad_2.0_norm_lstm.bias_hh_l0": 0.0218, "grad_2.0_norm_classifier.2.weight": 0.0282, "grad_2.0_norm_classifier.2.bias": 0.0078, "grad_2.0_norm_total": 0.044, "epoch": 0, "_runtime": 14, "_timestamp": 1615408902, "_step": 47, "val_acc": 0.527999997138977, "val_loss": 0.6926223635673523, "train_loss": 0.6936438679695129, "train_acc": 0.4973333179950714, "roc": {"_type": "table-file", "path": "media/table/roc_23_2efa5368.table.json", "sha256": "2efa53681a735ae75e69702cc2e1977ef3ca9d7b6e56558ba4a244ab77dc38c5", "size": 4172, "ncols": 3, "nrows": 149}, "confusion_matrix": {"_type": "table-file", "path": "media/table/confusion_matrix_24_a4b1258e.table.json", "sha256": "a4b1258eff292c9b1fdfdb5ec2dc4bc3f367c3d183a04ff897bed4dadee9643c", "size": 173, "ncols": 3, "nrows": 4}, "cm": null, "precision": 0.0, "recall": 0.0, "fscore": 0.0}