{"val_acc": 0.609375, "val_loss": 0.6692838072776794, "epoch": 26, "train_loss": 0.669265866279602, "train_acc": 0.609375, "_runtime": 30, "_timestamp": 1616007958, "_step": 26, "grad_2.0_norm_lstm.weight_ih_l0": 0.0005, "grad_2.0_norm_lstm.weight_hh_l0": 0.0117, "grad_2.0_norm_lstm.bias_ih_l0": 0.0138, "grad_2.0_norm_lstm.bias_hh_l0": 0.0138, "grad_2.0_norm_classifier.output.2.weight": 0.0315, "grad_2.0_norm_classifier.output.2.bias": 0.0223, "grad_2.0_norm_total": 0.0448}