{"val_acc": 0.609375, "val_loss": 0.6707931160926819, "epoch": 11, "train_loss": 0.6701880693435669, "train_acc": 0.609375, "_runtime": 16, "_timestamp": 1615409125, "_step": 23, "grad_2.0_norm_lstm.weight_ih_l0": 0.0004, "grad_2.0_norm_lstm.weight_hh_l0": 0.0146, "grad_2.0_norm_lstm.bias_ih_l0": 0.0157, "grad_2.0_norm_lstm.bias_hh_l0": 0.0157, "grad_2.0_norm_classifier.2.weight": 0.0492, "grad_2.0_norm_classifier.2.bias": 0.0399, "grad_2.0_norm_total": 0.0687, "roc": {"_type": "table-file", "path": "media/table/roc_11_8f20ef0b.table.json", "sha256": "8f20ef0bceee19f61a9be1e762229149db4ff218811960eb756cf3696295ab41", "size": 1582, "ncols": 3, "nrows": 58}, "confusion_matrix": {"_type": "table-file", "path": "media/table/confusion_matrix_12_afa15c8d.table.json", "sha256": "afa15c8de6c724c0e161924e8afb2b58687bcb8accfafb06960623baaf5693a2", "size": 173, "ncols": 3, "nrows": 4}, "cm": null, "precision": 0.0, "recall": 0.0, "fscore": 0.0}