{"grad_2.0_norm_lstm.weight_ih_l0": 0.0077, "grad_2.0_norm_lstm.weight_hh_l0": 0.0254, "grad_2.0_norm_lstm.bias_ih_l0": 0.0636, "grad_2.0_norm_lstm.bias_hh_l0": 0.0636, "grad_2.0_norm_classifier.2.weight": 0.0898, "grad_2.0_norm_classifier.2.bias": 0.2974, "grad_2.0_norm_total": 0.3245, "epoch": 0, "_runtime": 46, "_timestamp": 1615406697, "_step": 47, "val_acc": 0.0, "val_loss": 0.7012957334518433, "train_loss": 0.6913127899169922, "train_acc": 0.6026666760444641, "roc": {"_type": "table-file", "path": "media/table/roc_23_1a4b181d.table.json", "sha256": "1a4b181de701457611db2f8cf476ce8d7cfb271f7b71842fef2ed7789f674447", "size": 172, "ncols": 3, "nrows": 5}, "confusion_matrix": {"_type": "table-file", "path": "media/table/confusion_matrix_24_df3bca4f.table.json", "sha256": "df3bca4f7834bc41e1b27cd8a23eb8781f6827b4342c6eaba9e2f2729aab343c", "size": 173, "ncols": 3, "nrows": 4}, "cm": null, "precision": 0.0, "recall": 0.0, "fscore": 0.0}