{"grad_2.0_norm_classifier.2.weight": 0.124, "grad_2.0_norm_classifier.2.bias": 0.3897, "grad_2.0_norm_total": 0.409, "epoch": 19, "_runtime": 88, "_timestamp": 1615406015, "_step": 959, "val_acc": 0.0, "val_loss": 0.7113192081451416, "train_loss": 0.6877071261405945, "train_acc": 0.6666666865348816, "roc": {"_type": "table-file", "path": "media/table/roc_479_c38d8da9.table.json", "sha256": "c38d8da9a6e7f2cfe794a436dc94ec899e1d51595efdf1d555397ef09d2f310e", "size": 327, "ncols": 3, "nrows": 11}, "confusion_matrix": {"_type": "table-file", "path": "media/table/confusion_matrix_480_df3bca4f.table.json", "sha256": "df3bca4f7834bc41e1b27cd8a23eb8781f6827b4342c6eaba9e2f2729aab343c", "size": 173, "ncols": 3, "nrows": 4}, "cm": null, "precision": 0.0, "recall": 0.0, "fscore": 0.0}