{"grad_2.0_norm_classifier.2.weight": 0.0468, "grad_2.0_norm_classifier.2.bias": 0.094, "grad_2.0_norm_total": 0.105, "epoch": 9, "_runtime": 45, "_timestamp": 1615403931, "_step": 479, "val_acc": 0.0, "val_loss": 1.057358980178833, "train_loss": 0.6367208361625671, "train_acc": 0.6666666865348816, "roc": {"_type": "table-file", "path": "media/table/roc_239_dbc0b362.table.json", "sha256": "dbc0b3626cb6fd07fc07e8a3f8f01c84fa668f74442f373910fd5fdb72c89028", "size": 120, "ncols": 3, "nrows": 3}, "confusion_matrix": {"_type": "table-file", "path": "media/table/confusion_matrix_240_df3bca4f.table.json", "sha256": "df3bca4f7834bc41e1b27cd8a23eb8781f6827b4342c6eaba9e2f2729aab343c", "size": 173, "ncols": 3, "nrows": 4}, "cm": null, "precision": 0.0, "recall": 0.0, "fscore": 0.0}