{"grad_2.0_norm_classifier.2.weight": 0.0382, "grad_2.0_norm_classifier.2.bias": 0.1241, "grad_2.0_norm_total": 0.1298, "epoch": 10, "_runtime": 45, "_timestamp": 1615405899, "_step": 243, "val_acc": 0.0, "val_loss": 0.7052403688430786, "train_loss": 0.6891383528709412, "train_acc": 0.6639999747276306}